Model,Template,Shot Count,Language,Accuracy,Bootstrap STD
anthropic/claude-3-5-sonnet-20241022,PROMPT_1,0,zulu,0.83,0.02173035153369079
anthropic/claude-3-5-sonnet-20241022,PROMPT_2,0,zulu,0.8166666666666667,0.022566698916766714
anthropic/claude-3-5-sonnet-20241022,PROMPT_3,0,zulu,0.8433333333333334,0.02069666210339779
anthropic/claude-3-5-sonnet-20241022,PROMPT_4,0,zulu,0.8666666666666667,0.0201186013982638
anthropic/claude-3-5-sonnet-20241022,PROMPT_5,0,zulu,0.8133333333333334,0.021977259964689768
